Workbook

Sheet Ventas Mensuales
A1: VENTAS MENSUALES – PRODUCTOS MÉDICOS DIÁLISIS
A2: Davita / Fresenius | 2020 – 2024 | Unidades vendidas por mes
A4: Año | B4: Mes | C4: Mes# | D4: DV-001 Concentrado Bicarbonato Diálisis 9.45L (Litros) | E4: DV-002 Dializador FX80 Alto Flujo (Unidades) | F4: DV-003 Catéter Doble Lumen Mahurkar 11.5Fr (Unidades) | G4: DV-004 Solución Peritoneal Dianeal 2L 1.5% (Bolsas) | H4: DV-005 Agujas Fístula AVF 15G x 25mm (caja x100) (Cajas)
A5: 2020 | B5: Ene | C5: 1 | D5: 10796 | E5: 2846 | F5: 679 | G5: 5214 | H5: 1005
A6: 2020 | B6: Feb | C6: 2 | D6: 10488 | E6: 3162 | F6: 635 | G6: 5204 | H6: 865
A7: 2020 | B7: Mar | C7: 3 | D7: 10887 | E7: 3328 | F7: 702 | G7: 5606 | H7: 1070
A8: 2020 | B8: Abr | C8: 4 | D8: 11845 | E8: 3277 | F8: 795 | G8: 6377 | H8: 993
A9: 2020 | B9: May | C9: 5 | D9: 12839 | E9: 3683 | F9: 795 | G9: 5975 | H9: 1204
A10: 2020 | B10: Jun | C10: 6 | D10: 12271 | E10: 3436 | F10: 786 | G10: 6872 | H10: 1174
A11: 2020 | B11: Jul | C11: 7 | D11: 13597 | E11: 3919 | F11: 869 | G11: 7203 | H11: 1165
A12: 2020 | B12: Ago | C12: 8 | D12: 13310 | E12: 4053 | F12: 897 | G12: 7215 | H12: 1225
A13: 2020 | B13: Sep | C13: 9 | D13: 13136 | E13: 3440 | F13: 811 | G13: 6351 | H13: 1088
A14: 2020 | B14: Oct | C14: 10 | D14: 11717 | E14: 3342 | F14: 787 | G14: 6461 | H14: 1098
A15: 2020 | B15: Nov | C15: 11 | D15: 11516 | E15: 3271 | F15: 755 | G15: 6500 | H15: 1104
A16: 2020 | B16: Dic | C16: 12 | D16: 12576 | E16: 3415 | F16: 854 | G16: 6042 | H16: 1111
... A64: 2024 | B64: Dic | C64: 12 | D64: 13459 | E64: 3848 | F64: 820 | G64: 6428 | H64: 1299
A65: TOTAL | D65: =SUM(D5:D64) -> 772713 | E65: =SUM(E5:E64) -> 224122 | F65: =SUM(F5:F64) -> 51235 | G65: =SUM(G5:G64) -> 398425 | H65: =SUM(H5:H64) -> 70363

Sheet Ingresos USD
A1: INGRESOS MENSUALES (USD) – PRODUCTOS MÉDICOS DIÁLISIS
A2: Davita / Fresenius | 2020 – 2024 | Ingresos en USD
A4: Año | B4: Mes | C4: Mes# | D4: DV-001 Concentrado Bicarbonato Diálisis 9.45L (USD) | E4: DV-002 Dializador FX80 Alto Flujo (USD) | F4: DV-003 Catéter Doble Lumen Mahurkar 11.5Fr (USD) | G4: DV-004 Solución Peritoneal Dianeal 2L 1.5% (USD) | H4: DV-005 Agujas Fístula AVF 15G x 25mm (caja x100) (USD)
A5: 2020 | B5: Ene | C5: 1 | D5: ='Ventas Mensuales'!D5*4.8 -> 51820.8 | E5: ='Ventas Mensuales'!E5*38.5 -> 109571 | F5: ='Ventas Mensuales'!F5*95 -> 64505 | G5: ='Ventas Mensuales'!G5*12.3 -> 64132.2 | H5: ='Ventas Mensuales'!H5*48 -> 48240
A6: 2020 | B6: Feb | C6: 2 | D6: ='Ventas Mensuales'!D6*4.8 -> 50342.4 | E6: ='Ventas Mensuales'!E6*38.5 -> 121737 | F6: ='Ventas Mensuales'!F6*95 -> 60325 | G6: ='Ventas Mensuales'!G6*12.3 -> 64009.2 | H6: ='Ventas Mensuales'!H6*48 -> 41520
A7: 2020 | B7: Mar | C7: 3 | D7: ='Ventas Mensuales'!D7*4.8 -> 52257.6 | E7: ='Ventas Mensuales'!E7*38.5 -> 128128 | F7: ='Ventas Mensuales'!F7*95 -> 66690 | G7: ='Ventas Mensuales'!G7*12.3 -> 68953.8 | H7: ='Ventas Mensuales'!H7*48 -> 51360
A8: 2020 | B8: Abr | C8: 4 | D8: ='Ventas Mensuales'!D8*4.8 -> 56856 | E8: ='Ventas Mensuales'!E8*38.5 -> 126164.5 | F8: ='Ventas Mensuales'!F8*95 -> 75525 | G8: ='Ventas Mensuales'!G8*12.3 -> 78437.1 | H8: ='Ventas Mensuales'!H8*48 -> 47664
A9: 2020 | B9: May | C9: 5 | D9: ='Ventas Mensuales'!D9*4.8 -> 61627.2 | E9: ='Ventas Mensuales'!E9*38.5 -> 141795.5 | F9: ='Ventas Mensuales'!F9*95 -> 75525 | G9: ='Ventas Mensuales'!G9*12.3 -> 73492.5 | H9: ='Ventas Mensuales'!H9*48 -> 57792
A10: 2020 | B10: Jun | C10: 6 | D10: ='Ventas Mensuales'!D10*4.8 -> 58900.8 | E10: ='Ventas Mensuales'!E10*38.5 -> 132286 | F10: ='Ventas Mensuales'!F10*95 -> 74670 | G10: ='Ventas Mensuales'!G10*12.3 -> 84525.6 | H10: ='Ventas Mensuales'!H10*48 -> 56352
A11: 2020 | B11: Jul | C11: 7 | D11: ='Ventas Mensuales'!D11*4.8 -> 65265.6 | E11: ='Ventas Mensuales'!E11*38.5 -> 150881.5 | F11: ='Ventas Mensuales'!F11*95 -> 82555 | G11: ='Ventas Mensuales'!G11*12.3 -> 88596.9 | H11: ='Ventas Mensuales'!H11*48 -> 55920
A12: 2020 | B12: Ago | C12: 8 | D12: ='Ventas Mensuales'!D12*4.8 -> 63888 | E12: ='Ventas Mensuales'!E12*38.5 -> 156040.5 | F12: ='Ventas Mensuales'!F12*95 -> 85215 | G12: ='Ventas Mensuales'!G12*12.3 -> 88744.5 | H12: ='Ventas Mensuales'!H12*48 -> 58800
A13: 2020 | B13: Sep | C13: 9 | D13: ='Ventas Mensuales'!D13*4.8 -> 63052.8 | E13: ='Ventas Mensuales'!E13*38.5 -> 132440 | F13: ='Ventas Mensuales'!F13*95 -> 77045 | G13: ='Ventas Mensuales'!G13*12.3 -> 78117.3 | H13: ='Ventas Mensuales'!H13*48 -> 52224
A14: 2020 | B14: Oct | C14: 10 | D14: ='Ventas Mensuales'!D14*4.8 -> 56241.6 | E14: ='Ventas Mensuales'!E14*38.5 -> 128667 | F14: ='Ventas Mensuales'!F14*95 -> 74765 | G14: ='Ventas Mensuales'!G14*12.3 -> 79470.3 | H14: ='Ventas Mensuales'!H14*48 -> 52704
A15: 2020 | B15: Nov | C15: 11 | D15: ='Ventas Mensuales'!D15*4.8 -> 55276.8 | E15: ='Ventas Mensuales'!E15*38.5 -> 125933.5 | F15: ='Ventas Mensuales'!F15*95 -> 71725 | G15: ='Ventas Mensuales'!G15*12.3 -> 79950 | H15: ='Ventas Mensuales'!H15*48 -> 52992
A16: 2020 | B16: Dic | C16: 12 | D16: ='Ventas Mensuales'!D16*4.8 -> 60364.8 | E16: ='Ventas Mensuales'!E16*38.5 -> 131477.5 | F16: ='Ventas Mensuales'!F16*95 -> 81130 | G16: ='Ventas Mensuales'!G16*12.3 -> 74316.6 | H16: ='Ventas Mensuales'!H16*48 -> 53328
... A64: 2024 | B64: Dic | C64: 12 | D64: ='Ventas Mensuales'!D64*4.8 -> 64603.2 | E64: ='Ventas Mensuales'!E64*38.5 -> 148148 | F64: ='Ventas Mensuales'!F64*95 -> 77900 | G64: ='Ventas Mensuales'!G64*12.3 -> 79064.4 | H64: ='Ventas Mensuales'!H64*48 -> 62352
A65: TOTAL | D65: =SUM(D5:D64) -> 3709022.4 | E65: =SUM(E5:E64) -> 8628697 | F65: =SUM(F5:F64) -> 4867325 | G65: =SUM(G5:G64) -> 4900627.5 | H65: =SUM(H5:H64) -> 3377424

Sheet Resumen Anual
A1: RESUMEN ANUAL DE VENTAS – UNIDADES E INGRESOS
A2: Davita / Fresenius | 2020 – 2024
A4: Producto | B4: 2020 Uds | C4: 2020 USD | D4: 2021 Uds | E4: 2021 USD | F4: 2022 Uds | G4: 2022 USD | H4: 2023 Uds | I4: 2023 USD | J4: 2024 Uds | K4: 2024 USD | L4: TOTAL Uds | M4: TOTAL USD
A5: DV-001 – Concentrado Bicarbonato Diálisis 9.45L | B5: =SUM('Ventas Mensuales'!D5:D16) -> 144978 | C5: =SUM('Ingresos USD'!D5:D16) -> 695894.4 | D5: =SUM('Ventas Mensuales'!D17:D28) -> 153834 | E5: =SUM('Ingresos USD'!D17:D28) -> 738403.2 | F5: =SUM('Ventas Mensuales'!D29:D40) -> 154878 | G5: =SUM('Ingresos USD'!D29:D40) -> 743414.4 | H5: =SUM('Ventas Mensuales'!D41:D52) -> 161104 | I5: =SUM('Ingresos USD'!D41:D52) -> 773299.2 | J5: =SUM('Ventas Mensuales'!D53:D64) -> 157919 | K5: =SUM('Ingresos USD'!D53:D64) -> 758011.2 | L5: =B5+D5+F5+H5+J5 -> 772713 | M5: =C5+E5+G5+I5+K5 -> 3709022.4
A6: DV-002 – Dializador FX80 Alto Flujo | B6: =SUM('Ventas Mensuales'!E5:E16) -> 41172 | C6: =SUM('Ingresos USD'!E5:E16) -> 1585122 | D6: =SUM('Ventas Mensuales'!E17:E28) -> 45588 | E6: =SUM('Ingresos USD'!E17:E28) -> 1755138 | F6: =SUM('Ventas Mensuales'!E29:E40) -> 44794 | G6: =SUM('Ingresos USD'!E29:E40) -> 1724569 | H6: =SUM('Ventas Mensuales'!E41:E52) -> 47354 | I6: =SUM('Ingresos USD'!E41:E52) -> 1823129 | J6: =SUM('Ventas Mensuales'!E53:E64) -> 45214 | K6: =SUM('Ingresos USD'!E53:E64) -> 1740739 | L6: =B6+D6+F6+H6+J6 -> 224122 | M6: =C6+E6+G6+I6+K6 -> 8628697
A7: DV-003 – Catéter Doble Lumen Mahurkar 11.5Fr | B7: =SUM('Ventas Mensuales'!F5:F16) -> 9365 | C7: =SUM('Ingresos USD'!F5:F16) -> 889675 | D7: =SUM('Ventas Mensuales'!F17:F28) -> 10365 | E7: =SUM('Ingresos USD'!F17:F28) -> 984675 | F7: =SUM('Ventas Mensuales'!F29:F40) -> 10609 | G7: =SUM('Ingresos USD'!F29:F40) -> 1007855 | H7: =SUM('Ventas Mensuales'!F41:F52) -> 10636 | I7: =SUM('Ingresos USD'!F41:F52) -> 1010420 | J7: =SUM('Ventas Mensuales'!F53:F64) -> 10260 | K7: =SUM('Ingresos USD'!F53:F64) -> 974700 | L7: =B7+D7+F7+H7+J7 -> 51235 | M7: =C7+E7+G7+I7+K7 -> 4867325
A8: DV-004 – Solución Peritoneal Dianeal 2L 1.5% | B8: =SUM('Ventas Mensuales'!G5:G16) -> 75020 | C8: =SUM('Ingresos USD'!G5:G16) -> 922746 | D8: =SUM('Ventas Mensuales'!G17:G28) -> 79393 | E8: =SUM('Ingresos USD'!G17:G28) -> 976533.9 | F8: =SUM('Ventas Mensuales'!G29:G40) -> 82351 | G8: =SUM('Ingresos USD'!G29:G40) -> 1012917.3 | H8: =SUM('Ventas Mensuales'!G41:G52) -> 82063 | I8: =SUM('Ingresos USD'!G41:G52) -> 1009374.9 | J8: =SUM('Ventas Mensuales'!G53:G64) -> 79598 | K8: =SUM('Ingresos USD'!G53:G64) -> 979055.4 | L8: =B8+D8+F8+H8+J8 -> 398425 | M8: =C8+E8+G8+I8+K8 -> 4900627.5
A9: DV-005 – Agujas Fístula AVF 15G x 25mm (caja x100) | B9: =SUM('Ventas Mensuales'!H5:H16) -> 13102 | C9: =SUM('Ingresos USD'!H5:H16) -> 628896 | D9: =SUM('Ventas Mensuales'!H17:H28) -> 14051 | E9: =SUM('Ingresos USD'!H17:H28) -> 674448 | F9: =SUM('Ventas Mensuales'!H29:H40) -> 14074 | G9: =SUM('Ingresos USD'!H29:H40) -> 675552 | H9: =SUM('Ventas Mensuales'!H41:H52) -> 14804 | I9: =SUM('Ingresos USD'!H41:H52) -> 710592 | J9: =SUM('Ventas Mensuales'!H53:H64) -> 14332 | K9: =SUM('Ingresos USD'!H53:H64) -> 687936 | L9: =B9+D9+F9+H9+J9 -> 70363 | M9: =C9+E9+G9+I9+K9 -> 3377424
A10: TOTAL GENERAL | B10: =SUM(B5:B9) -> 283637 | C10: =SUM(C5:C9) -> 4722333.4 | D10: =SUM(D5:D9) -> 303231 | E10: =SUM(E5:E9) -> 5129198.1 | F10: =SUM(F5:F9) -> 306706 | G10: =SUM(G5:G9) -> 5164307.7 | H10: =SUM(H5:H9) -> 315961 | I10: =SUM(I5:I9) -> 5326815.1 | ... M10: =SUM(M5:M9) -> 25483096

Sheet Catálogo
A1: CATÁLOGO DE PRODUCTOS – PRECIOS UNITARIOS
A3: Código | B3: Descripción | C3: Proveedor | D3: Unidad | E3: Precio Unit. (USD) | F3: Notas
A4: DV-001 | B4: Concentrado Bicarbonato Diálisis 9.45L | C4: Davita | D4: Litros | E4: 4.8 | F4: Concentrado ácido para hemodiálisis bicarbonato
A5: DV-002 | B5: Dializador FX80 Alto Flujo | C5: Fresenius | D5: Unidades | E5: 38.5 | F5: Membrana polisulfona, esterilización por vapor
A6: DV-003 | B6: Catéter Doble Lumen Mahurkar 11.5Fr | C6: Davita | D6: Unidades | E6: 95 | F6: Acceso vascular temporal; longitud 20cm
A7: DV-004 | B7: Solución Peritoneal Dianeal 2L 1.5% | C7: Fresenius | D7: Bolsas | E7: 12.3 | F7: Diálisis peritoneal ambulatoria continua (CAPD)
A8: DV-005 | B8: Agujas Fístula AVF 15G x 25mm (caja x100) | C8: Fresenius | D8: Cajas | E8: 48 | F8: Aguja tipo Lancet, bisel corto, 100 uds/caja
